kshots,arc_llama3_8b_instruct,arc_llama_3_8B,arc_gemma2_9b_instruct
0,0.8275862068965517,0.5862068965517241,0.896551724137931
1,0.8275862068965517,0.7586206896551724,0.9310344827586207
2,0.8275862068965517,0.8275862068965517,0.9310344827586207
