,agnews_llama3_8b_instruct,agnews_phi3_5
0,0.8494983277591973,0.8260869565217391
1,0.822742474916388,0.8127090301003345
2,0.8461538461538461,0.8160535117056856
