kshots,arc_llama3_8b_instruct,arc_llama_3_8B
0,0.8666666666666667,0.5333333333333333
3,0.8666666666666667,0.6
