,arc_llama3_8b_instruct,arc_llama_3_8b,arc_phi3_5,arc_gemma2_9b_instruct,arc_gemma2_9b
random_0,0.7986348122866894,0.6561433447098977,0.8583617747440273,0.9010238907849829,0.85580204778157
random_3,0.8071672354948806,0.742320819112628,0.8643344709897611,0.8959044368600683,0.8771331058020477
random_6,0.8054607508532423,0.7431740614334471,0.8609215017064846,0.8984641638225256,0.8856655290102389
similarity_0,0.7986348122866894,0.6561433447098977,0.8583617747440273,0.9010238907849829,0.85580204778157
similarity_3,0.8080204778156996,0.7482935153583617,0.863481228668942,0.9010238907849829,0.893344709897611
similarity_6,0.8088737201365188,0.764505119453925,0.8575085324232082,0.8950511945392492,0.89419795221843
