{
    "0": 0.7558528428093646,
    "1": 0.7525083612040134,
    "2": 0.7558528428093646,
    "3": 0.7424749163879598,
    "4": 0.7625418060200669
}