{
    "0": 0.8703071672354948,
    "3": 0.856655290102389,
    "6": 0.8745733788395904
}