{
    "0": 0.85580204778157,
    "3": 0.893344709897611,
    "6": 0.89419795221843
}