{
    "0": 0.8310580204778157,
    "3": 0.8532423208191127,
    "6": 0.8489761092150171
}