{
  "0": 0.8929765886287625,
  "1": 0.8896321070234113,
  "2": 0.8996655518394648,
  "3": 0.903010033444816,
  "4": 0.8795986622073578
}
