{
    "0": 0.9010238907849829,
    "3": 0.9010238907849829,
    "6": 0.8950511945392492
}