{
    "[1, 1, 1]": 0.893344709897611,
    "[2, 2, 2]": 0.8950511945392492
}