{
    "[1, 1, 1]": 0.9001706484641638,
    "[2, 2, 2]": 0.8967576791808873
}