{
    "[1, 1, 1]": 0.8583617747440273,
    "[2, 2, 2]": 0.8839590443686007
}