{
    "0": 0.9063545150501672,
    "1": 0.8896321070234113,
    "2": 0.8996655518394648,
    "3": 0.9063545150501672
}