{
    "[1, 1, 1]": 0.8472696245733788,
    "[2, 2, 2]": 0.8540955631399317
}