{
    "0": 0.896551724137931,
    "1": 0.9310344827586207,
    "2": 0.9310344827586207
}