{
    "0": 0.8494983277591973,
    "1": 0.822742474916388,
    "2": 0.8461538461538461
}