{
    "0": 0.5333333333333333,
    "3": 0.6666666666666666
}