{
    "0": 0.7558528428093646,
    "1": 0.7558528428093646,
    "2": 0.782608695652174,
    "3": 0.7625418060200669
}