{
    "0": 0.5785953177257525,
    "1": 0.6688963210702341,
    "2": 0.7157190635451505,
    "3": 0.7123745819397993
}