{
    "[1, 1, 1]": 0.7610921501706485,
    "[2, 2, 2]": 0.7636518771331058
}