{
    "0": 0.25,
    "1": 0.23333333333333334,
    "3": 0.30833333333333335,
    "10": 0.4166666666666667
}