{
    "0": 0.25416666666666665,
    "1": 0.2916666666666667,
    "2": 0.3125,
    "3": 0.32083333333333336
}