{
    "0": 0.6561433447098977,
    "3": 0.7482935153583617,
    "6": 0.764505119453925
}