{
    "0": 0.8093645484949833,
    "1": 0.7759197324414716,
    "2": 0.8127090301003345,
    "3": 0.7959866220735786,
    "4": 0.8160535117056856
}