{
    "0": 0.6757679180887372,
    "3": 0.8191126279863481,
    "6": 0.8387372013651877
}