{
    "0": 0.7959866220735786,
    "1": 0.8193979933110368
}