{
    "[1, 1, 1]": 0.8225255972696246,
    "[2, 2, 2]": 0.8233788395904437
}