{
    "0": 0.8275862068965517,
    "1": 0.8275862068965517,
    "2": 0.8275862068965517
}