{
    "0": 0.8666666666666667,
    "3": 0.8666666666666667
}