{
    "[1, 1, 1]": 0.8643344709897611,
    "[2, 2, 2]": 0.8626279863481229
}