{
    "0": 0.7859531772575251,
    "1": 0.7725752508361204,
    "2": 0.8060200668896321,
    "3": 0.7993311036789298
}