{
    "1": 0.725752508361204,
    "4": 0.7190635451505016
}