{
    "[1, 1, 1]": 0.8276450511945392,
    "[2, 2, 2]": 0.825938566552901
}