{
    "0": 0.8703071672354948,
    "3": 0.8617747440273038,
    "6": 0.8626279863481229
}