{
    "0": 0.7986348122866894,
    "3": 0.8080204778156996,
    "6": 0.8088737201365188
}