{
    "0": 0.5862068965517241,
    "1": 0.7586206896551724,
    "2": 0.8275862068965517
}