{
    "0": 0.8260869565217391,
    "1": 0.8127090301003345,
    "2": 0.8160535117056856
}