{
    "0": 0.8461538461538461,
    "1": 0.8729096989966555,
    "2": 0.8729096989966555,
    "3": 0.8595317725752508,
    "4": 0.8662207357859532
}