{
    "0": 0.25833333333333336,
    "1": 0.2791666666666667,
    "3": 0.2625,
    "10": 0.35833333333333334
}