{
    "[1, 1, 1]": 0.8600682593856656,
    "[2, 2, 2]": 0.8540955631399317
}