{
    "0": 0.8583617747440273,
    "3": 0.863481228668942,
    "6": 0.8575085324232082
}