{
    "0": 0.7670648464163823,
    "3": 0.8395904436860068,
    "6": 0.8430034129692833
}