{
    "[1, 1, 1]": 0.8370307167235495,
    "[2, 2, 2]": 0.8327645051194539
}